Announced,Implemented,,Addition,Addition Ticker,Removal,Removal Ticker,Removal Type,Reason for Removal
12/29/1999,1/5/2000,After Close,Young & Rubicam,YNR,General Instrument Corp,GIC,M&A,Acquisition by Motorola
1/24/2000,1/28/2000,After Close,Harley-Davidson,HDI,Fleetwood Enterprises,FLE,Failure,Lack of representation
1/24/2000,1/28/2000,After Close,"Biogen, Inc",BGEN,Foster Wheeler,FWC,Failure,Lack of representation
1/26/2000,1/28/2000,After Close,Conexant Systems,CNXT,Consolidated Natural Gas,CNG,M&A,Bought by Dominion Resources
3/8/2000,3/15/2000,After Close,Sabre Holdings Corp,TSG,Service Corp. International,SRV,Failure,Lack of representation
3/27/2000,3/31/2000,After Close,Linear Technology Corp,LLTC,"Pharmacia & Upjohn, Inc",PNU,M&A,Merger with Monsanto
3/29/2000,3/31/2000,After Close,Veritas Software,VRTS,Pep Boys,PBY,Failure,Lack of representation
4/12/2000,4/17/2000,After Close,Altera Corp,ALTR,Atlantic Richfield,ARC,M&A,Acquisition by BP Amoco
4/12/2000,6/5/2000,After Close,Convergys Corp,CVG,Times Mirror,TMC,M&A,Acquisition by Tribune Company
5/1/2000,5/4/2000,After Close,"Siebel Systems, Inc",SEBL,CBS Corp,CBS,M&A,Acquisition by Viacom
5/2/2000,5/9/2000,After Close,Maxim Integrated Products,MXIM,Jostens Inc,JOS,M&A,Acquisition by Investcorp
5/3/2000,5/4/2000,After Close,Sapient Corp,SAPE,Reynolds Metals,RLM,M&A,Acquisition by Alcoa
5/11/2000,6/16/2000,After Close,MedImmune Inc,MEDI,Central & South West,CSR,M&A,Acquisition by American Electric Power
5/25/2000,6/2/2000,After Close,Agilent Technologies,A,NACCO Ind. Cl. A,NC,Failure,Lack of representation
5/25/2000,6/21/2000,After Close,Sanmina Corp,SANM,Warner-Lambert,WLA,M&A,Acquisition by Pfizer
5/26/2000,5/31/2000,After Close,American Power Conversion,APCC,Mirage Resorts,MIR,M&A,Acquisition by MGM Grand
6/5/2000,6/7/2000,After Close,Starbucks Corp,SBUX,Shared Medical Systems,SMS,M&A,Acquisition by Siemens
6/13/2000,6/20/2000,After Close,Tiffany & Co,TIF,Silicon Graphics,SGI,Other,Spins off large interest in MIPS Technologies
6/13/2000,6/16/2000,After Close,Novellus Systems,NVLS,Champion International,CHA,M&A,Acquisition by International Paper
6/15/2000,6/16/2000,After Close,Charter One Financial,CF,MediaOne Group Inc,UMG,M&A,Acquisition by AT&T Corp
6/19/2000,6/30/2000,After Close,Broadcom Corporation,BRCM,GTE Corp,GTE,M&A,Merger with Bell Atlantic
6/21/2000,6/28/2000,After Close,Visteon Corp,VC,IKON Office Solutions,IKN,Failure,Lack of representation
6/21/2000,6/28/2000,After Close,Mercury Interactive,MERQ,Milacron Inc,MZ,Failure,Market cap changes
6/27/2000,6/30/2000,After Close,Qwest Communications Int'l,Q,US West Inc,USW,M&A,Merger with Qwest
7/6/2000,7/12/2000,After Close,Stilwell Financial,SV,Kansas City Southern Ind,KSU,Other,Spins off Stilwell Financial
7/6/2000,7/14/2000,After Close,"CIT Group, Inc",CIT,Union Pacific Resources Group,UPR,M&A,Acquisition by Anadarko Petroleum
7/19/2000,7/26/2000,After Close,JDS Uniphase Corp,JDSU,Rite Aid,RAD,Failure,Lack of representation
7/20/2000,7/27/2000,After Close,Palm Inc,PALM,3Com Corp,COMS,Other,Spins off large interest in Palm
8/7/2000,8/21/2000,After Close,KeySpan Corp,KSE,New Century Energies,NCE,M&A,Acquisition by Northern States Power
8/23/2000,8/29/2000,After Close,Devon Energy Corp,DVN,Great A & P,GAP,Failure,Market cap changes
9/25/2000,9/29/2000,After Close,Avaya Inc.,AV,Owens Corning,OWC,Failure,Lack of representation
9/25/2000,10/2/2000,After Close,Dynegy Inc,DYN,BestFoods Inc,BFO,M&A,Acquisition by Unilever
9/27/2000,10/3/2000,After Close,King Pharmaceuticals,KG,Young & Rubicam,YNR,M&A,Acquisition by WPP Group
10/3/2000,10/18/2000,After Close,Nabors Industries,NBR,Mallinckrodt Inc,MKG,M&A,Acquisition by Tyco International
10/12/2000,10/16/2000,After Close,Power-One Inc,PWER,Unicom Corp,UCM,M&A,Acquisition by PECO Energy
10/16/2000,10/23/2000,After Close,BroadVision Inc,BVSN,PaineWebber Group,PWJ,M&A,Acquisition by UBS
10/25/2000,11/1/2000,After Close,NiSource Inc,NI,Columbia Energy Group,CG,M&A,Acquisition by NiSource
10/31/2000,11/1/2000,After Close,EOG Resources,EOG,Eastern Enterprises,EFU,M&A,Acquisition by KeySpan Energy
11/14/2000,11/21/2000,After Close,Forest Laboratories,FRX,Seagate Technology,SEG,M&A,Acquisition by Veritas
11/15/2000,11/16/2000,After Close,Starwood Hotels & Resorts,HOT,Armstrong World,ACK,Failure,Lack of representation
11/20/2000,11/24/2000,After Close,Chiron Corp,CHIR,Fort James Corp,FJ,M&A,Acquisition by Georgia Pacific
11/27/2000,11/30/2000,After Close,Calpine Corp,CPN,Florida Progress,FPC,M&A,Acquisition by CP&L Energy
11/29/2000,12/11/2000,After Close,MetLife Inc,MET,Seagram Co. Ltd,VO,M&A,Acquisition by Vivendi
12/1/2000,12/1/2000,After Close,Robert Half International,RHI,Associates First Capital,AFS,M&A,Acquisition by Citigroup
12/4/2000,12/8/2000,After Close,Allegheny Energy Inc,AYE,Bethlehem Steel,BS,Failure,Lack of representation
12/4/2000,12/8/2000,After Close,Ambac Financial Group,ABK,Crown Cork & Seal,CCK,Failure,Lack of representation
12/4/2000,12/8/2000,After Close,"Intuit, Inc",INTU,Owens-Illinois,OI,Failure,Lack of representation
12/4/2000,12/8/2000,After Close,Symbol Technologies,SBL,Grace (W.R.) & Co. (New),GRA,Failure,Lack of representation
12/5/2000,12/11/2000,After Close,QLogic Corp,QLGC,Polaroid Corp,PRD,Failure,Market cap changes
12/5/2000,12/11/2000,After Close,Stryker Corp,SYK,Russell Corp,RML,Failure,Market cap changes
12/5/2000,12/11/2000,After Close,Vitesse Semiconductor,VTSS,Springs Industries Inc,SMI,Failure,Market cap changes
12/7/2000,12/13/2000,After Close,Aetna Inc. (New),AET,Aetna Inc. (Old),AET,Other,"Aetna (old) sells financials business, spins off U.S. healthcare division, which becomes Aetna (new)"
12/8/2000,12/12/2000,After Close,Kinder Morgan Inc,KMI,Nabisco Group Hldgs,NGH,M&A,Acquisition by RJ Reynolds
12/12/2000,12/21/2000,After Close,Fluor Corp.,FLR,Massey Energy,MEE,Other,Spins off Fluor
12/19/2000,12/29/2000,After Close,Applied Micro Circuits,AMCC,Morgan (J.P.) & Co,JPM,M&A,Acquisition by Chase Manhattan
12/19/2000,1/12/2001,After Close,Noble Drilling Corp,NE,Time Warner Inc,TWX,M&A,Acquisition by AOL
12/27/2000,1/30/2001,After Close,Jabil Circuit,JBL,Coastal Corp,CGP,M&A,Acquisition by El Paso
2/5/2001,2/7/2001,After Close,Univision Communications,UVN,Union Carbide,UK,M&A,Acquisition by Dow Chemical
2/21/2001,2/26/2001,After Close,Citizens Communications,CZN,U.S. Bancorp,USB,M&A,Acquisition by Firstar
2/27/2001,2/28/2001,After Close,Cintas Corporation,CTAS,Summit Bancorp,SUB,M&A,Acquisition by FleetBoston Financial Corp.
3/26/2001,3/30/2001,After Close,Concord EFS Inc,CEFT,Ceridian Corp,CEN,Other,Splits into Ceridian and Arbitron
3/27/2001,4/2/2001,After Close,Mirant Corporation,MIR,Briggs & Stratton,BGG,Failure,Market cap changes
3/27/2001,3/30/2001,After Close,FIserv Inc,FISV,Old Kent Financial,OK,M&A,Acquisition by Fifth Third Bancorp
5/7/2001,5/11/2001,After Close,Pepsi Bottling Group,PBG,"Adaptec, Inc",ADPT,Other,Spins off Roxio
5/22/2001,6/4/2001,After Close,TMP Worldwide,TMPW,"CIT Group, Inc",CIT,M&A,Acquisition by Tyco International
5/30/2001,6/27/2001,After Close,John Hancock Financial,JHF,Harcourt General Inc,H,M&A,Tender offer from Reed Elsevier
6/19/2001,6/22/2001,After Close,Zions Bancorp,ZION,ALZA Corp. Cl. A,AZA,M&A,Acquisition by Johnson & Johnson
6/25/2001,6/29/2001,After Close,Rockwell Collins,COL,Longs Drug Stores,LDG,Failure,Market cap changes
6/27/2001,7/6/2001,After Close,AT&T Wireless Services,AWE,Potlatch Corp,PCH,Failure,Market cap changes
7/30/2001,8/3/2001,After Close,Family Dollar Stores,FDO,Cabletron Systems,CS,Other,Spins off large interest in Riverstone Networks
7/31/2001,8/6/2001,After Close,Zimmer Holdings,ZMH,Timken Co,TKR,Failure,Market cap changes
8/1/2001,8/2/2001,After Close,PMC-Sierra Inc,PMCS,Quaker Oats,OAT,M&A,Acquisition by PepsiCo
8/22/2001,8/30/2001,After Close,CIENA Corp,CIEN,American General,AGC,M&A,Acquisition by AIG
8/27/2001,8/29/2001,After Close,AmerisourceBergen Corp,ABC,ONEOK Inc,OKE,Failure,Market cap changes
8/27/2001,9/4/2001,After Close,XL Capital,XL,Wachovia Corp,WB,M&A,Acquisition by First Union Corp
8/29/2001,8/31/2001,After Close,International Game Technology,IGT,BroadVision Inc,BVSN,Failure,Lack of representation
9/17/2001,9/20/2001,After Close,Immunex Corp,IMNX,Tosco Corp,TOS,M&A,Acquisition by Philips Petroleum
10/3/2001,10/9/2001,After Close,Equity Office Properties,EOP,Texaco Inc,TX,M&A,Acquisition by Chevron
10/4/2001,10/9/2001,After Close,TECO Energy,TE,Global Crossing Ltd,GX,Failure,Lack of representation
11/1/2001,11/6/2001,After Close,Health Management Assoc,HMA,GPU Inc,GPU,M&A,Acquisition by FirstEnergy Corp.
11/27/2001,11/30/2001,After Close,Equity Residential Prop Tr,EQR,National Service Ind,NSI,Other,Spins off Acuity Brands
11/28/2001,11/29/2001,After Close,NVIDIA Corp,NVDA,Enron Corp,ENE,Failure,Lack of representation
12/10/2001,12/14/2001,After Close,Jones Apparel Group,JNY,Homestake Mining,HM,M&A,Acquisition by Barrick Gold
12/12/2001,12/12/2001,After Close,Genzyme Corp,GENZ,Ralston-Ralston Purina Gp,RAL,M&A,Acquisition by Nestle
12/27/2001,12/31/2001,After Close,Waters Corporation,WAT,FMC Corp,FMC,Other,Spins off FMC Technologies
1/16/2002,1/16/2002,After Close,Plum Creek Timber Co.,PCL,Kmart,KM,Failure,Lack of representation
1/23/2002,1/29/2002,After Close,ACE Limited,ACE,Mead Corp,MEA,M&A,Merger with Westvaco
1/23/2002,1/31/2002,After Close,Rational Software,RATL,Niagara Mohawk Power,NMK,M&A,Acquisition by National Grid Group
2/6/2002,2/8/2002,After Close,Marshall & Ilsley Corp.,MI,Willamette Industries,WLL,M&A,Acquisition by Weyerhaeuser
5/2/2002,5/3/2002,After Close,First Tennessee National,FTN,COMPAQ Computer,CPQ,M&A,Acquisition by Hewlett-Packard
5/10/2002,5/10/2002,After Close,American Standard,ASD,Sapient Corp,SAPE,Failure,No longer meets standards of inclusion
5/13/2002,5/14/2002,After Close,BJ Services,BJS,USAirways Group Inc,U,Failure,Lack of representation
5/13/2002,5/14/2002,After Close,Apollo Group,APOL,WorldCom Inc.-WorldCom Group,WCOM,Failure,Lack of representation
6/20/2002,6/26/2002,After Close,"Simon Property Group, Inc",SPG,Conexant Systems,CNXT,Other,Reorganization
7/9/2002,7/19/2002,After Close,Prudential Financial,PRU,Alcan Inc,AL,Other,Not U.S. company
7/9/2002,7/19/2002,After Close,United Parcel Service,UPS,Barrick Gold Corp,ABX,Other,Not U.S. company
7/9/2002,7/19/2002,After Close,eBay Inc.,EBAY,"Inco, Ltd",N,Other,Not U.S. company
7/9/2002,7/19/2002,After Close,Electronic Arts,ERTS,Nortel Networks Corp Hldg Co,NT,Other,Not U.S. company
7/9/2002,7/19/2002,After Close,SunGard Data Systems,SDS,Placer Dome Inc,PDG,Other,Not U.S. company
7/9/2002,7/19/2002,After Close,Goldman Sachs Group,GS,Royal Dutch Petroleum,RD,Other,Not U.S. company
7/9/2002,7/19/2002,After Close,Principal Financial Group,PFG,Unilever N.V,UN,Other,Not U.S. company
7/12/2002,7/16/2002,After Close,North Fork Bancorporation,NFB,Immunex Corp,IMNX,M&A,Acquisition by Amgen
7/24/2002,7/24/2002,After Close,"Anthem, Inc.",ATH,Conseco Inc,CNC,Failure,Market cap changes
8/7/2002,8/13/2002,After Close,Monsanto Co.,MON,Palm Inc.,PALM,Failure,Market cap changes
8/14/2002,8/20/2002,After Close,Travelers Property Casualty Corp,TAP.B,Vitesse Semiconductor,VTSS,Failure,Market cap changes
8/30/2002,9/3/2002,After Close,RJ Reynolds Tobacco,RJR,Conoco Inc,COC,M&A,Merger with Philips
11/13/2002,11/18/2002,After Close,AT&T Comcast Corp.,CMCSA,Comcast Class A Special,CMCSK,M&A,"AT&T spins off broadband unit, merges it w/ Comcast to form AT&T Comcast"
12/4/2002,12/11/2002,After Close,Quest Diagnostics,DGX,TRW Inc,TRW,M&A,Acquisition by Northrop Grumman
2/19/2003,2/21/2003,After Close,AutoNation Inc.,AN,Rational Software,RATL,M&A,Acquisition by IBM
3/11/2003,3/13/2003,After Close,Apartment Investment & Management Co,AIV,AMR Corp.,AMR,Failure,Market cap changes
3/19/2003,3/20/2003,After Close,McCormick & Company,MKC,HEALTHSOUTH Corp.,HRC,Failure,Allegations company violated securities laws
3/25/2003,3/28/2003,After Close,Symantec Corp.,SYMC,Household International,HI,M&A,Acquisition by HSBC Holdings
4/9/2003,4/15/2003,After Close,Federated Investors Inc.,FII,Pharmacia Corp.,PHA,M&A,Acquisition by Pfizer
7/15/2003,7/16/2003,After Close,ProLogis,PLD,Mirant Corp,MIR,Failure,Bankruptcy
8/13/2003,8/19/2003,After Close,Medco Health Solutions Inc.,MHS,McDermott International,MDR,Failure,Market cap changes
9/23/2003,9/25/2003,After Close,Express Scripts,ESRX,Quintiles Transnational,QTRN,M&A,Taken private
11/6/2003,11/12/2003,After Close,BIOGEN IDEC,BIIB,Biogen Inc.,BGEN,M&A,Merger w/ IDEC becoming BIOGEN IDEC
2/23/2004,2/26/2004,After Close,M&T Bank Corp.,MTB,Concord EFS Inc.,CE,M&A,Acquisition by First Data Corp
3/16/2004,3/24/2004,After Close,Caremark Rx,CMX,Tupperware Corp.,TUP,Failure,Market cap changes
3/25/2004,3/31/2004,After Close,E*Trade Financial,ET,FleetBoston Financial,FBF,M&A,Acquisition by Bank of America
3/29/2004,4/1/2004,After Close,Affiliated Computer Services,ACS,Travelers Property Casualty,TAP.B,M&A,Acqusition by St. Paul Companies
4/19/2004,4/22/2004,After Close,Mylan Laboratories,MYL,Sprint PCS,PCS,Other,Sprint Corp eliminated Sprint PCS tracking stock
4/19/2004,4/28/2004,After Close,Valero Energy,VLO,John Hancock Financial Services,JHF,M&A,Acquisition by Manulife Financial Corp
4/26/2004,4/30/2004,After Close,Hospira Inc.,HSP,American Greetings,AM,Failure,Market cap changes
6/24/2004,6/30/2004,After Close,Sovereign Bancorp,SOV,Union Planters Corporation,UPC,M&A,Merger with Regions Financial
6/26/2004,6/30/2004,After Close,Gilead Sciences,GILD,Bank One Corp.,ONE,M&A,Acquisition by JP Morgan Chase
7/26/2004,8/2/2004,After Close,Fisher Scientific,FSH,Thomas & Betts,TNB,Failure,Market cap changes
8/26/2004,8/31/2004,After Close,Coach Inc.,COH,Charter One Financial,CF,M&A,Acquisition by Royal Bank of Scotland
10/25/2004,10/29/2004,After Close,Laboratory Corp of America Holdings,LH,South Trust Corp.,SOTR,M&A,Acquisition by Wachovia
10/25/2004,10/26/2004,After Close,CIT Group,CIT,AT&T Wireless,AWE,M&A,Acquisition by Cingular Wireless
11/10/2004,11/30/2004,After Close,L-3 Communications Holdings,LLL,WellPoint Health Networks,WLP,M&A,Acquisition by Anthem
11/29/2004,12/2/2004,After Close,Freescale Semiconductor Inc.,FSL.B,Winn-Dixie,WIN,Failure,Market cap changes
12/8/2004,12/17/2004,After Close,Archstone-Smith Trust,ASN,Crane Co.,CR,Failure,Market cap changes
12/8/2004,12/17/2004,After Close,News Corp.,NWS.A,Deluxe Corp.,DLX,Failure,Market cap changes
12/8/2004,12/17/2004,After Close,Compass Bancshares,CBSS,Worthington Industries,WOR,Failure,Market cap changes
12/21/2004,12/28/2004,After Close,XTO Energy,XTO,PeopleSoft Inc.,PSFT,M&A,Acquisition by Oracle
3/7/2005,3/11/2005,After Close,National Oilwell Varco,NOV,Power-One,PWER,Failure,Market cap changes
3/21/2005,3/24/2005,After Close,Sears Holdings Corp.,SHLD,Sears Roebuck & Co.,S,M&A,Merger with Kmart (creating Sears Holdings)
6/22/2005,7/1/2005,After Close,D.R. Horton,DHI,Veritas Software,VRTS,M&A,Acquisition by Symantec
6/28/2005,7/1/2005,After Close,Constellation Brands,STZ,Great Lakes Chemical,GLK,M&A,Acquisition by Crompton Corp
7/12/2005,7/21/2005,After Close,Weatherford Int'l,WFT,"Toys ""R"" US",TOY,M&A,Taken private
7/26/2005,8/11/2005,After Close,Vornado Realty Trust,VNO,SunGard Data Systems,SDS,M&A,Taken private
8/4/2005,8/12/2005,After Close,Murphy Oil,MUR,Nextel Communications,NXTL,M&A,Acquisition by Sprint
8/4/2005,8/10/2005,After Close,Tyson Foods,TSN,Unocal Corp.,UCL,M&A,Acquisition by Chevron
8/15/2005,8/18/2005,After Close,Public Storage,PSA,Delta Air Lines,DAL,Failure,Market cap changes
8/29/2005,8/29/2005,After Close,Coventry Health Care Inc.,CVH,May Dept. Stores,MAY,M&A,Acquisition by Federated Department Stores
9/26/2005,9/30/2005,After Close,Ameriprise Financial,AMI,Providian Financial,PVN,M&A,Acquisition by Washington Mutual
9/30/2005,10/3/2005,After Close,Lennar Corp.,LEN,Gillette Co.,G,M&A,Acquisition by Procter & Gamble
10/7/2005,10/10/2005,After Close,Patterson Companies Inc.,PDCO,Delphi Corp.,DPH,Failure,Bankruptcy
11/14/2005,11/18/2005,After Close,Amazon.com,AMZN,AT&T Corp.,T,M&A,Acquisition by SBC Communications
11/29/2005,12/1/2005,After Close,Genworth Financial Inc.,GNW,Calpine Corp.,CPN,Failure,Market cap changes
12/8/2005,12/15/2005,After Close,E.W. Scripps,SSP,Georgia-Pacific Group,GP,M&A,Acquisition by Koch Industries
12/27/2005,12/30/2005,After Close,Viacom Inc. (New),VIA.B,Visteon Corp.,VC,Failure,Market Cap changes
12/27/2005,12/30/2005,After Close,Whole Foods Market,WFMI,MBNA Corp.,KRB,M&A,Acquisition by Bank of America
1/3/2006,1/4/2006,After Close,Estee Lauder,EL,Mercury Interactive,MERQE,Failure,Delisting by Nasdaq
1/25/2006,1/31/2006,After Close,VeriSign Inc.,VRSN,Reebok Int'l,RBK,M&A,Acquisition by Adidas-Salomon
1/25/2006,1/31/2006,After Close,Harman Int'l,HAR,Siebel Systems Inc.,SEBL,M&A,Acquisition by Oracle
2/21/2006,2/24/2006,After Close,Barr Pharmaceuticals Inc.,BRL,Scientific-Atlanta,SFA,M&A,Acquisition by Cisco
3/1/2006,3/2/2006,After Close,Chesapeake Energy Corp.,CHK,Dana Corp.,DCN,Failure,Market cap changes
3/26/2006,3/31/2006,After Close,Google Inc.,GOOG,Burlington Resources Inc.,BR,M&A,Acquisition by ConocoPhillips
3/28/2006,4/3/2006,After Close,Kimco Realty Corp.,KIM,Jefferson-PilotCorp.,JP,M&A,Acquisition by Lincoln National
3/28/2006,3/31/2006,After Close,Boston Properties,BXP,Cinergy Corp.,CIN,M&A,Acquisition by Duke Energy
3/29/2006,3/31/2006,After Close,Dean Foods,DF,Maytag Corp.,MYG,M&A,Acquisition by Whirlpool
4/11/2006,4/21/2006,After Close,Legg Mason,LM,Guidant Co.,GDT,M&A,Acquisition by Boston Scientific
4/19/2006,4/19/2006,After Close,SanDisk Corp.,SNDK,Chiron Corp.,CHIR,M&A,Acquisition by Novartis
5/10/2006,5/17/2006,After Close,Embarq Corp.,EQ,Applied Micro Circuits Corp.,AMCC,Failure,Market cap changes
5/25/2006,6/1/2006,After Close,Juniper Neworks Inc.,JNPR,Albertson's Inc.,ABS,M&A,Acquisition by SuperValu
5/31/2006,6/5/2006,After Close,Commerce Bancorp,CBH,Engelhard Corp.,EC,M&A,Acquisition by BASF
6/22/2006,6/27/2006,After Close,CONSOL Energy Inc.,CNX,Knight-Ridder Inc.,KRI,M&A,Acquisition by McClatchy
7/11/2006,7/17/2006,After Close,Windstream Corp.,WIN,Cooper Tire & Rubber Co.,CTB,Failure,Market cap changes
7/24/2006,7/31/2006,After Close,Realogy Corp.,H,Gateway Inc.,GTW,Failure,Market cap changes
7/24/2006,7/31/2006,After Close,Wyndham Worldwide Corp.,WYN,Cendant Corp.,CD,Other,Cendant spins off Wyndham and Realogy
8/3/2006,8/10/2006,After Close,Chicago Mercantile Exchange Holdings,CME,Kerr-McGee Corp.,KMG,M&A,Acquisition by Anadarko Petroleum
9/25/2006,9/29/2006,After Close,Western Union Co.,WU,Andrew Corp.,ANDW,Failure,Market cap changes
9/27/2006,9/29/2006,After Close,Smith International,SII,Golden West Financial,GDW,M&A,Acquisition by Wachovia
10/30/2006,11/3/2006,After Close,Celgene Corp.,CELG,AmSouth Bancorp,ASO,M&A,Acquisition by Regions Financial
11/2/2006,11/9/2006,After Close,Fidelity National Information Services,FIS,Louisiana-Pacific Corp.,LPX,Failure,Market cap changes
11/6/2006,11/9/2006,After Close,CB Richard Ellis Group,CBG,Fisher Scientific,FSH,M&A,Acquisition by Thermo Electron Corp
11/13/2006,11/16/2006,After Close,Cognizant Technology Solutions,CTSH,Alberto-Culver Co. (old),ACV,Other,Splits up
11/15/2006,11/17/2006,After Close,Peabody Energy Corp,BTU,HCA Inc.,HCA,M&A,Taken private
11/21/2006,12/1/2006,After Close,DirecTV Group Inc.,DTV,Freescale Semiconductor Inc.,FSL.B,M&A,Taken private
11/22/2006,11/30/2006,After Close,IAC/InterActive Corp.,IACI,Lucent Technologies,LU,M&A,Acquisition by Alcatel
11/23/2006,11/30/2006,After Close,Questar Corp.,STR,North Fork Bancorp. Inc.,NFB,M&A,Acquisition by Capital One Financial
12/15/2006,12/19/2006,After Close,Terex Corp.,TEX,Navistar International,NAV,Failure,Delisting by NYSE
12/20/2006,12/29/2006,After Close,Spectra Energy Corp.,SE,Parametric Technology,PMTC,Failure,Market cap changes
1/2/2007,1/3/2007,After Close,ENSCO International,ESV,BellSouth Corp.,BLS,M&A,Acquisition by AT&T
1/3/2007,1/9/2007,After Close,AvalonBay Communities,AVB,Symbol Technologies,SBL,M&A,Acquisition by Motorola
1/31/2007,2/1/2007,After Close,Polo Ralph Lauren Corp.,RL,Comverse Technology,CMVT,Failure,Delisting by Nasdaq
2/5/2007,2/14/2007,After Close,Hudson City Bancorp.,HCBK,American Power Conversion,APCC,M&A,Acquisition by Schneider Electric
2/7/2007,2/21/2007,After Close,Integrys Energy Group Inc.,TEG,Peoples Energy,PGL,M&A,"Acquisition by WPS Resources, which changes its name to Integrys"
2/7/2007,2/9/2007,After Close,Varian Medical Systems,VAR,Equity Office Properties,EOP,M&A,Acquisition by Blackstone Group
2/26/2007,3/1/2007,After Close,C.H. Robinson Worldwide,CHRW,Health Management Assoc.,HMA,Other,Market cap changes (after payout of special dividend)
3/12/2007,3/19/2007,After Close,Host Hotels & Resorts,HST,Phelps Dodge,PD,M&A,Acquisition by Freeport-McMoRan Copper & Gold
3/16/2007,3/20/2007,After Close,Developers Diversified Realty,DDR,Caremark Rx Inc.,CMX,M&A,Acquisition by CVS
3/22/2007,3/30/2007,After Close,Kraft Foods Inc,KFT,Sabre Holding Corp.,TSG,M&A,Taken private
3/27/2007,3/28/2007,After Close,Abercrombie & Fitch Co.,ANF,Univision Communications,UVN,M&A,Taken private
4/2/2007,4/9/2007,After Close,Assurant Inc.,AIZ,Realogy Corp.,H,M&A,Taken private
5/22/2007,5/30/2007,After Close,MEMC Electronic Materials,WFR,Kinder Morgan,KMI,M&A,Taken private
5/30/2007,5/31/2007,After Close,Precision Castparts,PCP,MedImmune Inc.,MEDI,M&A,Acquisition by AstraZeneca
6/21/2007,6/29/2007,After Close,Tyco Electronics,TEL,PMC-Sierra,PMCS,Failure,Market cap changes
6/21/2007,6/29/2007,After Close,Covidien Ltd.,COV,Sanmina-SCI Corp.,SANM,Failure,Market cap changes
6/21/2007,6/29/2007,After Close,Discover Financial Services,DFS,ADC Telecomm. Inc.,ADCT,Failure,Market cap changes
6/25/2007,6/29/2007,After Close,General Growth Properties,GGP,Mellon Financial,MEL,M&A,Merger with Bank of New York
7/2/2007,7/6/2007,After Close,American Capital Strategies,ACAS,Dollar General,DG,M&A,Taken private
7/9/2007,7/11/2007,After Close,Akamai Technologies,AKAM,Biomet Inc.,BMET,M&A,Taken private
8/16/2007,8/24/2007,After Close,Leucadia National Corp.,LUK,Keyspan Energy,KSE,M&A,Acquisition by National Grid Plc
8/30/2007,9/7/2007,After Close,Microchip Technology,MCHP,Compass Bancshares,CBSS,M&A,Acquisition by Banco Bilbao Vizcaya Argentaria
9/24/2007,9/26/2007,After Close,Tesoro Petroleum Co.,TSO,Maxim Integrated Products,MXIM,Failure,Delisting by Nasdaq
9/24/2007,9/28/2007,After Close,Teradata Corp.,TDC,NCR Corp.,NCR,Other,Spins off Teradata
9/24/2007,10/1/2007,After Close,Expedia Inc.,EXPE,Solectron Corp.,SLR,M&A,Acquisition by Flextronics
9/24/2007,9/25/2007,After Close,IntercontinentalExchange Inc.,ICE,First Data Corp.,FDC,M&A,Taken private
10/1/2007,10/5/2007,After Close,Noble Energy Inc.,NBL,Archstone-Smith Trust,ASN,M&A,Taken private
10/8/2007,10/9/2007,After Close,Expeditors Int'l.,EXPD,TXU Corp.,TXU,M&A,Taken private
10/18/2007,10/26/2007,After Close,Titanium Metals Corp.,TIE,Bausch & Lomb Inc.,BOL,M&A,Taken private
10/18/2007,10/24/2007,After Close,NYSE Euronext,NYX,Hilton Hotels,HLT,M&A,Taken private
10/23/2007,10/25/2007,After Close,Jacobs Engineering Group,JEC,Avaya Inc.,AV,M&A,Taken private
11/1/2007,11/8/2007,After Close,Pepco Holdings Inc.,POM,Manor Care Inc.,HCR,M&A,Taken private
11/8/2007,11/16/2007,After Close,American Tower Corp.,AMT,ALLTEL Corp.,AT,M&A,Taken private
11/8/2007,11/15/2007,After Close,Manitowoc Co.,MTW,Tektronix Inc.,TEK,M&A,Acquisition by Danaher
12/5/2007,12/13/2007,After Close,GameStop Corp.,GME,Dow Jones & Co. Inc.,DJ,M&A,Acquisition by News Corp
12/19/2007,12/28/2007,After Close,Washington Post Co.,WPO,Temple-Inland Inc.,TIN,Other,Splits up
12/19/2007,12/31/2007,After Close,Total System Services,TSS,Synovus Financial,SNV,Other,Spins out Total System Services
12/20/2007,12/20/2007,After Close,Range Resources Corp.,RRC,Tribune Co.,TRB,M&A,Taken private
1/17/2008,1/28/2008,After Close,Cameron International,CAM,Harrah's Entertainment,HET,M&A,Taken private
3/20/2008,3/28/2008,After Close,Phillip Morris International Inc.,PM,Circuit City Stores Inc.,CC,Failure,Fails to meet consistent profit criteria
3/20/2008,3/31/2008,After Close,HCP Inc.,HCP,Commerce Bancorp,CBH,M&A,Acquisition by Toronto-Dominion Bank
5/22/2008,6/2/2008,After Close,Intuitive Surgical Inc.,ISRG,The Bear Stearns Companies Inc.,BSC,M&A,Acquisition by JP Morgan
5/27/2008,6/5/2008,After Close,Southwestern Energy Co.,SWN,Trane Inc.,TT,M&A,Acquisition by Ingersoll-Rand
6/3/2008,6/10/2008,After Close,Lorillard Inc.,LO,Ambac Financial Group Inc.,ABK,Failure,Market cap changes
6/12/2008,6/20/2008,After Close,Massey Energy Co.,MEE,OfficeMax Inc.,OMX,Failure,Market cap changes
6/12/2008,6/20/2008,After Close,Cabot Oil & Gas Corp.,COG,Brunswick Corp.,BC,Failure,Market cap changes
6/24/2008,6/30/2008,After Close,Scripps Networks Interactive,SNI,E.W. Scripps,SSP,Other,Splits up
6/26/2008,6/30/2008,After Close,AK Steel Holding Corp.,AKS,Countrywide Financial Corp.,CFC,M&A,Acquisition by Bank of America
7/10/2008,7/17/2008,After Close,MasterCard Inc.,MA,ACE Ltd.,ACE,Other,Redomesticates to Switzerland
7/24/2008,7/30/2008,After Close,DaVita Inc.,DVA,Clear Channel Communications Inc.,CCU,M&A,Taken private
8/13/2008,8/20/2008,After Close,Invesco Ltd.,IVZ,IAC/InterActiveCorp.,IACI,Other,Splits up
8/25/2008,8/26/2008,After Close,CF Industries,CF,Electronics Data Systems,EDS,M&A,Acquisition by Hewlett-Packard
9/9/2008,9/10/2008,After Close,Salesforce.com,CRM,Federal Home Loan Mortgage Corp.,FRE,Failure,Market cap changes (placed into conservatorship)
9/9/2008,9/10/2008,After Close,Fastenal Co.,FAST,Federal National Mortgage Association,FNM,Failure,Market cap changes (placed into conservatorship)
9/15/2008,9/19/2008,After Close,Harris Corp.,HRS,Lehman Brothers Holdings Inc.,LEH,Failure,Bankruptcy
9/22/2008,9/26/2008,After Close,Amphenol Corp.,APH,Wendy's International Inc.,WEN,Failure,Market cap changes (too small even after acquisition by Triarc)
9/22/2008,9/22/2008,After Close,Pioneer Natural Resources Co.,PXD,Safeco Corp.,SAF,M&A,Acquisition by Liberty Mutual Group
9/26/2008,9/29/2008,After Close,Flowserve Corp.,FLS,Washington Mutual Inc.,WM,Failure,Placed into receivership
9/29/2008,10/3/2008,After Close,Dr. Pepper Snapple Group Inc.,DPS,Wm. Wrigley Jr. Company,WWY,M&A,Acquisition by Mars
10/16/2008,10/21/2008,After Close,NASDAQ OMX Group Inc.,NDAQ,Dillard's Inc.,DDS,Failure,Market cap changes
10/28/2008,10/30/2008,After Close,Wisconsin Energy Corp.,WEC,MGIC Investment,MTG,Failure,Market cap changes
10/30/2008,11/5/2008,After Close,J.M. Smucker Co.,SJM,Terex Corporation,TEX,Failure,Market cap changes
11/7/2008,11/10/2008,After Close,People's United Financial Inc.,PBCT,Unisys Corp.,UIS,Failure,Market cap changes
11/10/2008,11/13/2008,After Close,DENTSPLY International Inc.,XRAY,Hercules Inc.,HPC,Failure,Market cap changes (too small even after acquisition by Ashland)
11/10/2008,11/13/2008,After Close,Wynn Resorts Ltd.,WYNN,Ashland Inc.,ASH,Failure,Market cap changes (too small even after it acquired Hercules)
11/11/2008,11/12/2008,After Close,Cephalon Inc.,CEPH,General Growth Properties Inc.,GGP,Failure,Market cap changes
11/17/2008,11/21/2008,After Close,Life Technologies Corp.,LIFE,Applied Biosystems Inc.,ABI,M&A,Acquisition by Invitrogen forms Life Technologies
11/17/2008,11/18/2008,After Close,Stericycle Inc.,SRCL,Anheuser-Busch,BUD,M&A,Acquisition by InBev
11/26/2008,12/1/2008,After Close,The Dun & Bradstreet Corp.,DNB,Liz Claiborne Inc.,LIZ,Failure,Market cap changes
11/26/2008,12/3/2008,After Close,Republic Services Inc.,RSG,Allied Waste Industries Inc.,AW,M&A,Acquisition by Republic Services
12/11/2008,12/18/2008,After Close,Equitable Resources Inc.,EQT,Transocean Inc.,RIG,Other,Redomesticates to Switzerland
12/18/2008,12/22/2008,After Close,McAfee Inc.,MFE,Barr Pharmaceuticals Inc.,BRL,M&A,Acquisition by Teva
12/23/2008,12/31/2008,After Close,FLIR Systems Inc,FLIR,National City Corp.,NCC,M&A,Acquisition by PNC Financial Services Group
12/23/2008,12/31/2008,After Close,Owens-Illinois Inc,OI,Wachovia Corp. (New),WB,M&A,Acquisition by Wells Fargo
12/23/2008,12/31/2008,After Close,SCANA Corp,SCG,Merrill Lynch,MER,M&A,Acquisition by Bank of America
12/29/2008,1/5/2009,After Close,Iron Mountain Inc.,IRM,UST Inc.,UST,M&A,Acquisition by Altria
1/22/2009,1/29/2009,After Close,Health Care REIT,HCN,Sovereign Bancorp.,SOV,M&A,Acquisition by Banco Santander
2/13/2009,2/25/2009,After Close,Diamond Offshore Drilling Inc.,DO,Weatherford International Ltd.,WFT,Other,Redomesticates to Switzerland
2/24/2009,3/3/2009,After Close,Ventas Inc.,VTR,Jones Apparel Group Inc.,JNY,Failure,Market cap changes
2/24/2009,3/3/2009,After Close,Hormel Foods Corp.,HRL,American Capital Ltd.,ACAS,Failure,Market cap changes
3/5/2009,3/16/2009,After Close,Northeast Utilities,NU,Tyco International Ltd.,TYC,Other,Redomesticates to Switzerland
3/18/2009,3/27/2009,After Close,Time Warner Cable Inc.,TWC,Developers Diversified Realty Corp.,DDR,Failure,Market cap changes
3/18/2009,3/26/2009,After Close,O'Reilly Automotive Inc.,ORLY,Noble Corp.,NE,Other,Redomesticates to Switzerland
3/25/2009,4/1/2009,After Close,Denbury Resources Inc.,DNR,Rohm and Haas Co.,ROH,M&A,Acquisition by Dow Chemical
5/21/2009,6/30/2009,After Close,Western Digital,WDC,Embarq Corp.,EQ,M&A,Acquisition by CenturyTel
5/28/2009,6/4/2009,After Close,FMC Technologies Inc.,FTI,Covidien Ltd.,COV,Other,Redomesticates to Ireland
6/1/2009,6/2/2009,After Close,DeVry Inc.,DV,General Motors Corp.,GM,Failure,Bankruptcy
6/4/2009,6/30/2009,After Close,Quanta Services Inc.,PWR,Ingersoll-Rand Company Ltd.,IR,Other,Redomesticates to Ireland
6/22/2009,6/25/2009,After Close,MetroPCS Communications Inc.,PCS,Tyco Electronics Ltd.,TEL,Other,Redomesticates to Switzerland
7/17/2009,7/24/2009,After Close,Red Hat Inc.,RHT,CIT Group Inc.,CIT,Failure,Market cap changes
8/11/2009,8/18/2009,After Close,FMC Corp.,FMC,Centex Corp.,CTX,M&A,Acquisition by Pulte Homes
8/24/2009,8/31/2009,After Close,CareFusion Corp.,CFN,The Manitowoc Company Inc.,MTW,Failure,Market cap changes
8/28/2009,9/8/2009,After Close,Airgas Inc,ARG,Cooper Industries Ltd.,CBE,Other,Redomesticates to Ireland
10/1/2009,10/15/2009,After Close,First Solar Inc,FSLR,Wyeth,WYE,M&A,Acquisition by Pfizer
10/29/2009,11/3/2009,After Close,Priceline.com,PCLN,Schering-Plough Corp.,SGP,M&A,Acquisition by Merck & Co.
12/11/2009,12/18/2009,After Close,Cliffs Natural Resources Inc,CLF,KB Home,KBH,Failure,Market cap changes
12/11/2009,12/18/2009,After Close,Mead Johnson Nutrition Co,MJN,MBIA Inc.,MBI,Failure,Market cap changes
12/11/2009,12/18/2009,After Close,Ross Stores Inc,ROST,Dynegy Inc.,DYNIQ,Failure,Market cap changes
12/11/2009,12/18/2009,After Close,SAIC Inc,LDOS,Convergys Corp.,CVG,Failure,Market cap changes
12/11/2009,12/18/2009,After Close,Visa Inc,VISA,Ciena Corp.,CIEN,Failure,Market cap changes
12/15/2009,12/22/2009,After Close,Roper Industries Inc,ROP,ENSCO Int'l,ESV,Other,Redomesticates to U.K.
1/21/2010,1/28/2010,After Close,NRG Energy,NRG,Sun Microsystems Inc,JAVA,M&A,Acquisition by Oracle
1/26/2010,2/12/2010,After Close,Berkshire Hathaway B,BRK.B,Burlington Northern Santa Fe Co,BNI,M&A,Acquisition by Berkshire Hathaway
1/29/2010,2/8/2010,After Close,Urban Outfitters,URBN,Affiliated Computer Services,ACS,M&A,Acquisition by Xerox
2/16/2010,2/26/2010,After Close,Discovery Communications Inc,DISCA,Pepsi Bottling Group Inc,PBG,M&A,Acquisition by PepsiCo
2/22/2010,2/26/2010,After Close,Helmerich & Payne Inc,HP,IMS Health Inc,RX,M&A,Taken private
3/3/2010,3/12/2010,After Close,ONEOK Inc,OKE,Black & Decker Corp,BDK,M&A,Acquisition by The Stanley Works
3/18/2010,4/29/2010,After Close,Cerner Corp.,CERN,BJ Services Company,BJS,M&A,Acquisition by Baker Hughes Inc.
6/22/2010,6/25/2010,After Close,"CarMax, Inc.",KMX,XTO Energy Inc.,XTO,M&A,Acquisition by ExxonMobil Inc.
6/23/2010,6/30/2010,After Close,QEP Resources Inc,QEP,Questar Corp.,STR,Other,Spins off QEP Resources
7/8/2010,7/14/2010,After Close,Ace Limited,ACE,Millipore Inc.,MIL,M&A,Acquisition by Merck KGaA
8/19/2010,8/26/2010,After Close,Tyco International Ltd.,TYC,Smith International Inc.,SII,M&A,Acquisition by Schlumberger Ltd.
11/10/2010,11/16/2010,After Close,Ingersoll-Rand Plc,IR,Pactiv Corporation,PTV,M&A,Acquisition by Reynolds Group Holdings
12/9/2010,12/17/2010,After Close,F5 Networks Inc.,FFIV,The New York Times Co.,NYT,Failure,Market cap changes
12/9/2010,12/17/2010,After Close,Netflix Inc.,NFLX,Office Depot Inc.,ODP,Failure,Market cap changes
12/9/2010,12/17/2010,After Close,Newfield Exploration Co.,NFX,Eastman Kodak Co.,EKDKQ,Failure,Market cap changes
12/9/2010,12/17/2010,After Close,Cablevision Systems Corp.,CVC,King Pharmaceuticals Inc.,KG,M&A,Acquisition by Pfizer Inc.
12/22/2010,1/3/2011,After Close,"Motorola Mobility Holdings, Inc",MMI,Meredith Corp,MDP,Failure,Market cap changes
1/11/2011,1/14/2011,After Close,Noble Corp,NE,QLogic Corp,QLG,Failure,Market cap changes
1/26/2011,2/28/2011,After Close,Covidien Plc,COV,McAfee Inc.,MFE,M&A,Acquisition by Intel Corp.
2/16/2011,2/25/2011,After Close,Joy Global Inc.,JOY,Allegheny Energy Inc.,AYE,M&A,Acquisition by First Energy
3/24/2011,3/31/2011,After Close,Edwards Lifesciences,EW,Qwest Communications,QWST,M&A,Acquisition by CenturyLink
3/29/2011,4/1/2011,After Close,BlackRock,BLK,Genzyme Corp.,GENZ,M&A,Acquisition by Sanofi-Aventis
4/20/2011,4/27/2011,After Close,Chipotle,CMG,"Novell, Inc.",NOVL,M&A,Taken private
5/24/2011,6/1/2011,After Close,"Alpha Natural Resources, Inc.",ANRZQ,Massey Energy Company,MEE,M&A,Acquisition by Alpha Natural Resources
5/26/2011,6/2/2011,After Close,ProLogis Inc.,PLD,ProLogis,SCN,M&A,Acquisition by AMB Property (then renamed ProLogis Inc.)
6/23/2011,6/30/2011,After Close,Marathon Petroleum Corp,MPC,RadioShack Corp.,RSH,Failure,Market cap changes
6/27/2011,7/5/2011,After Close,Accenture plc,ACN,Marshall & Ilsley Corp.,MI,M&A,Acquisition by Bank of Montreal
9/21/2011,9/23/2011,After Close,The Mosaic Company,MOS,National Semiconductor Corp.,NSM,M&A,Acquisition by Texas Instruments
10/11/2011,10/14/2011,After Close,TE Connectivity Ltd.,TEL,Cephalon Inc.,CEPH,M&A,Acquisition by Teva Pharmaceutical Industries
10/24/2011,10/31/2011,After Close,Xylem Inc.,XYL,ITT Corp.,ITT,Other,Spins off Xylem
11/18/2011,11/22/2011,After Close,Cooper Industries,CBE,Janus Capital Group,JNS,Failure,Market cap changes
12/8/2011,12/16/2011,After Close,BorgWarner Inc.,BWA,AK Steel Holding Corp.,AKS,Failure,Market cap changes
12/8/2011,12/16/2011,After Close,Perrigo Co.,PRGO,Monster Worldwide Inc.,MWW,Failure,Market cap changes
12/8/2011,12/16/2011,After Close,Dollar Tree Inc.,DLTR,MEMC Electronic Materials Inc.,WFR,Failure,Market cap changes
12/8/2011,12/12/2011,After Close,AGL Resources Inc.,GAS,Nicor Inc.,GAS,M&A,Acquisition by AGL Resources
12/14/2011,12/20/2011,After Close,TripAdvisor Inc.,TRIP,Tellabs Inc.,TLAB,Failure,Market cap changes
12/22/2011,12/30/2011,After Close,WPX Energy Inc.,WPX,Compuware Corp,CPWR,Failure,Market cap changes
3/12/2012,3/13/2012,After Close,Crown Castle International Corp.,CCI,Constellation Energy Group,CEG,M&A,Acquisition by Exelon Corp.
4/2/2012,4/3/2012,After Close,"Fossil, Inc.",FOSL,Medco Health Solutions Inc.,MHS,M&A,Acquisition by Express Scripts
4/23/2012,4/23/2012,After Close,Phillips 66,PSX,Supervalu Inc.,SVU,Failure,Market cap changes
5/10/2012,6/5/2012,After Close,Lam Research,LRCX,Novellus Systems,NVLS,M&A,Acquisition by Lam Research
5/17/2012,5/24/2012,After Close,Kinder Morgan,KMI,El Paso Corp.,EP,M&A,Acquisition by Kinder Morgan
5/21/2012,5/24/2012,After Close,Alexion Pharmaceuticals,ALXN,Motorola Mobility,MMI,M&A,Acquisition by Google
6/21/2012,6/29/2012,After Close,Monster Beverage,MNST,Sara Lee Corp.,SLE,Other,Splits up
6/25/2012,6/29/2012,After Close,Seagate Technology,STX,Progress Energy Inc,PGN,M&A,Acquisition by Duke Energy
7/26/2012,7/30/2012,After Close,Ensco plc,ESV,Goodrich Corporation,GR,M&A,Acquisition by United Technologies
8/29/2012,9/4/2012,After Close,LyondellBasell,LYB,Sears Holdings Corporation,SHLD,Other,Below public float threshold
9/24/2012,10/1/2012,After Close,ADT Corp,ADT,Lexmark Int'l Inc,LXK,Failure,Market cap changes
9/24/2012,9/28/2012,After Close,Pentair Ltd.,PNR,"DeVry, Inc.",DV,Failure,Market cap changes
9/25/2012,10/1/2012,After Close,Kraft Foods Group,KRFTV,Alpha Natural Resources,ANR,Failure,Market cap changes
10/1/2012,10/4/2012,After Close,"PetSmart, Inc.",PETM,Sunoco Inc.,SUN,M&A,Acquisition by Energy Transfer Partners
11/26/2012,11/30/2012,After Close,Dollar General,DG,Cooper Industries,CBE,M&A,Acquisition by Eaton Corp.
12/5/2012,12/11/2012,After Close,Garmin Ltd.,GRMN,R.R. Donnelley,RRD,Failure,Market cap changes
12/18/2012,12/21/2012,After Close,Delphi Automotive,DLPH,Titanium Metals,TIE,M&A,Acquisition by Precision Castparts
12/20/2012,12/31/2012,After Close,AbbVie Inc.,ABBV,Federated Investors Inc B,FII,Failure,Market cap changes
2/7/2013,2/15/2013,After Close,PVH Corp,PVH,Big Lots Inc,BIG,Failure,Market cap changes
4/24/2013,4/30/2013,After Close,Regeneron Pharmaceuticals Inc,REGN,Metropcs Communications Inc,PCS,M&A,Merger with T-Mobile USA
5/3/2013,5/8/2013,After Close,Macerich Co,MAC,Coventry Health Care Inc,CVH,M&A,Acquisition by Aetna
5/16/2013,5/23/2013,After Close,Kansas City Southern Inc,KSU,Dean Foods Co,DF,Other,Spins off WhiteWave
6/3/2013,6/6/2013,After Close,General Motors Company,GM,Heinz H.J. Co,HNZ,M&A,Taken private
6/14/2013,6/21/2013,After Close,Zoetis Inc,ZTS,First Horizon National Corp,FHN,Failure,Market cap changes
6/20/2013,6/28/2013,After Close,News Corporation Class A,NWSA,Apollo Group Inc,APOL,Failure,Market cap changes
7/1/2013,7/8/2013,After Close,Nielsen Holdings NV,NLSN,Sprint Nextel Corp,S,Other,Deal results in public float below threshold
9/7/2013,9/10/2013,After Close,Delta Air Lines,DAL,BMC Software Inc,BMC,M&A,Taken private
9/11/2013,9/20/2013,After Close,Vertex Pharmaceuticals Inc,VRTX,Advanced Micro Devices,AMD,Failure,Market cap changes
9/11/2013,9/20/2013,After Close,AMETEK Inc,AME,SAIC Inc,LDOS,Failure,Market cap changes
10/21/2013,10/28/2013,After Close,Transocean Ltd,RIG,"Dell, Inc.",DELL,M&A,Taken private
10/28/2013,11/1/2013,After Close,Michael Kors Holdings Ltd,KORS,NYSE Euronext,NYX,M&A,Acquisition by NYSE Euronext
11/22/2013,11/29/2013,After Close,Allegion plc,ALLE,Penney J.C. Inc,JCP,Failure,Market cap changes
12/4/2013,12/9/2013,After Close,General Growth Properties Inc,GGP,Molex Inc,MOLX,M&A,Taken private
12/11/2013,12/20/2013,After Close,Alliance Data Systems Corp,ADS,Abercrombie & Fitch Company,ANF,Failure,Market cap changes
12/11/2013,12/20/2013,After Close,Mohawk Industries Inc,MHK,JDS Uniphase Corp,JDSU,Failure,Market cap changes
12/11/2013,12/20/2013,After Close,Facebook Inc,FB,Teradyne Inc,TER,Failure,Market cap changes
1/16/2014,1/23/2014,After Close,Tractor Supply Company,TSCO,Life Technologies Corporation,LIFE,M&A,Acquired by Thermo Fisher Scientific
3/11/2014,4/3/2014,After Close,Google Inc. Class C,GOOGL,N/A,,N/A,N/A
3/14/2014,3/21/2014,After Close,"Keurig Green Mountain, Inc.",GMCR,"WPX Energy, Inc.",WPX,Failure,Market cap changes
3/26/2014,4/1/2014,After Close,"Essex Property Trust, Inc.",ESS,Cliffs Natural Resources Inc.,CLF,Failure,Market cap changes
4/24/2014,4/30/2014,After Close,"Under Armour, Inc.",UA,"Beam, Inc.",BEAM,M&A,Acquisition by Suntory Holdings
4/24/2014,4/30/2014,After Close,Navient Corp,NAVI,SLM Corp,SLM,Other,Splits up
5/5/2014,5/7/2014,After Close,Avago Technologies Limited,AVGO,LSI Corporation,LSI,M&A,Acquired by Avago Technologies
6/12/2014,6/20/2014,After Close,Cimarex Energy Co.,XEC,International Game Technology,IGT,Failure,Market cap changes
6/24/2014,6/30/2014,After Close,"Affiliated Managers Group, Inc.",AMG,"Forest Laboratories, Inc.",FRX,M&A,Acquisition by Actavis
6/27/2014,7/1/2014,After Close,"Martin Marietta Materials, Inc.",MLM,United States Steel Corporation,X,Failure,Market cap changes
7/30/2014,8/6/2014,After Close,"Discovery Communications, Class C",DISCK,N/A,,N/A,N/A
8/14/2014,8/18/2014,After Close,Mallinckrodt Plc,MNK,Rowan Cos. Plc,RDC,Other,Does not meet new market cap criteria
9/12/2014,9/19/2014,After Close,"United Rentals, Inc.",URI,Graham Holdings Co.,GHC,Other,Does not meet new market cap criteria
9/12/2014,9/19/2014,After Close,"Universal Health Services, Class B",UHS,Peabody Energy Corporation,BTU,Failure,Market cap changes
10/29/2014,11/4/2014,After Close,"Level 3 Communications, Inc.",LVLT,"Jabil Circuit, Inc.",JBL,Other,Does not meet new market cap criteria
12/1/2014,12/4/2014,After Close,Royal Caribbean Cruises Ltd.,RCL,"Bemis Company, Inc.",BMS,Other,Does not meet new market cap criteria
1/21/2015,1/26/2015,After Close,Endo International Plc,ENDP,Covidien Plc,COV,M&A,Acquisition by Medtronic
1/23/2015,1/26/2015,After Close,"HCA Holdings, Inc.",HCA,Safeway Inc.,SWY,M&A,Taken private
3/9/2015,3/11/2015,After Close,"Skyworks Solutions, Inc.",SWKS,"PetSmart, Inc.",PETM,M&A,Taken private
3/13/2015,3/20/2015,After Close,SL Green Realty Corp.,SLG,Nabors Industries Ltd.,NBR,Failure,Market cap changes
3/13/2015,3/20/2015,After Close,Hanesbrands Inc.,HBI,"Avon Products, Inc.",AVP,Failure,Market cap changes
3/13/2015,3/20/2015,After Close,Equinix Inc,EQIX,Denbury Resources Inc.,DNR,Failure,Market cap changes
3/13/2015,3/17/2015,After Close,"Henry Schein, Inc.",HSIC,CareFusion Corporation,CFN,M&A,"Acquisition by Becton, Dickinson and Company"
3/17/2015,3/20/2015,After Close,"American Airlines Group, Inc.",AAL,"Allergan, Inc.",AGN,M&A,Acquisition by Actavis
3/27/2015,4/6/2015,After Close,Realty Income Corporation,O,"Windstream Holdings, Inc.",WIN,Other,Spins off assets
6/9/2015,6/11/2015,After Close,"Qorvo, Inc.",QRVO,"Lorillard, Inc.",LO,M&A,Acquisition by Reynolds American
6/19/2015,6/30/2015,After Close,"Baxalta, Inc.",BXLT,"QEP Resources, Inc.",QEP,Failure,Market cap changes
6/19/2015,6/19/2015,After Close,WestRock Co.,WRK,MeadWestvaco Corporation,MWV,Other,Merger with Rock-Tenn creates WestRock Co.
6/23/2015,7/1/2015,After Close,Columbia Pipeline Group Inc,CPGX,Allegheny Technologies Incorporated,ATI,Failure,Market cap changes
6/26/2015,6/30/2015,After Close,"J.B. Hunt Transport Services, Inc.",JBHT,"Integrys Energy Group, Inc.",TEG,M&A,Acquisition by Wisconsin Energy Corp.
7/6/2015,7/8/2015,After Close,"Advance Auto Parts, Inc.",AAP,"Family Dollar Stores, Inc.",FDO,M&A,Acquisition by Dollar Tree
7/14/2015,7/17/2015,After Close,PayPal Holdings Inc,PYPL,Noble Corporation plc,NE,Failure,Market cap changes
7/24/2015,7/28/2015,After Close,Signet Jewelers Limited,SIG,DIRECTV,DTV,M&A,Acquisition by AT&T
8/10/2015,9/18/2015,After Close,"Twenty-First Century Fox, Class B",FOX,N/A,,N/A,N/A
8/10/2015,9/18/2015,After Close,News Corporation Class B,NWS,N/A,,N/A,N/A
8/10/2015,9/18/2015,After Close,Comcast Corporation Class A Special,CMCSA,N/A,,N/A,N/A
8/27/2015,8/28/2015,After Close,Activision Blizzard Inc,ATVI,Pall Corporation,PLL,M&A,Acquisition by Danaher
8/27/2015,9/2/2015,After Close,"United Continental Holdings, Inc.",UAL,"Hospira, Inc.",HSP,M&A,Acquisition by Pfizer
9/30/2015,10/7/2015,After Close,Verisk Analytics Inc,VRSK,Joy Global Inc.,JOY,Failure,Market cap changes
10/27/2015,10/30/2015,After Close,Hewlett Packard Enterprise Co.,HPE,"Hudson City Bancorp, Inc.",HCBK,M&A,Acquisition by M&T Bank
11/9/2015,11/17/2015,After Close,Synchrony Financial,SYF,"Genworth Financial, Inc. Class A",GNW,Failure,Market cap changes
11/12/2015,11/18/2015,After Close,"Illumina, Inc.",ILMN,Sigma-Aldrich Corporation,SIAL,M&A,Acquisition by Merck KGaA
11/23/2015,11/27/2015,After Close,"CSRA, Inc.",CSRA,Computer Sciences Corporation,CSC,Other,Spins off SCRA
12/22/2015,12/28/2015,After Close,"Church & Dwight Co., Inc.",CHD,Altera Corporation,ALTR,M&A,Acquisition by Intel
12/28/2015,1/4/2016,After Close,Willis Group Holdings,WLTW,Fossil Group Inc.,FOSL,Failure,Market cap changes
1/13/2016,1/15/2016,After Close,Extra Space Storage Inc.,EXR,Chubb Corporation,CB,M&A,Acquisition by ACE Ltd.
1/22/2016,1/29/2016,After Close,Federal Realty Investment Trust,FRT,Broadcom Corporation Class A,BRCM,M&A,Acquisition by Avago Technologies Ltd.
1/26/2016,1/29/2016,After Close,"Citizens Financial Group, Inc.",CFG,Precision Castparts Corp.,PCP,M&A,Acquisition by Berkshire Hathaway
2/16/2016,2/19/2016,After Close,Concho Resources Inc.,CXO,"Plum Creek Timber Company, Inc.",PCL,M&A,Acquisition by Weyerhaeuser Co.
3/1/2016,3/3/2016,After Close,"American Water Works Company, Inc.",AWK,CONSOL Energy Inc.,CNX,Failure,Market cap changes
3/24/2016,3/29/2016,After Close,Centene Corporation,CNC,Ensco plc,ESV,Failure,Market cap changes
3/24/2016,3/29/2016,After Close,"Hologic, Inc.",HOLX,"Pepco Holdings, Inc.",POM,M&A,Acquisition by Exelon Corp.
3/28/2016,4/1/2016,After Close,"Foot Locker, Inc.",FL,Cameron International Corporation,CAM,M&A,Acquisition by Schlumberger Ltd.
4/7/2016,4/15/2016,After Close,"Ulta Salon, Cosmetics & Fragrance",ULTA,Tenet Healthcare Corporation,THC,Failure,Market cap changes
4/8/2016,4/8/2016,After Close,"Under Armour, Inc. Class C",UA.C,N/A,,N/A,N/A
4/19/2016,4/22/2016,After Close,Global Payments Inc.,GPN,GameStop Corp. Class A,GME,Failure,Market cap changes
4/26/2016,5/2/2016,After Close,"Acuity Brands, Inc.",AYI,ADT Corporation,ADT,M&A,Acquisition by Apollo Global Management
5/3/2016,5/4/2016,After Close,"UDR, Inc.",UDR,"Keurig Green Mountain, Inc.",GMCR,M&A,Acquisition by JAB Holding Company
5/10/2016,5/12/2016,After Close,"Alaska Air Group, Inc.",ALK,SanDisk Corporation,SNDK,M&A,Acquisition by Western Digital Corp.
5/13/2016,5/17/2016,After Close,"Digital Realty Trust, Inc.",DLR,Time Warner Cable Inc.,TWC,M&A,Acquisition by Charter Communications
5/18/2016,5/20/2016,After Close,LKQ Corporation,LKQ,"Airgas, Inc.",ARG,M&A,Acquisition by Air Liquide SA
5/24/2016,5/27/2016,After Close,Arthur J. Gallagher & Co.,AJG,Coca-Cola Enterprises,CCE,M&A,"Merges w/ foreign Coca-Cola bottlers, resulting in foreign domicile"
5/27/2016,6/2/2016,After Close,TransDigm Group Incorporated,TDG,"Baxalta, Inc. Class A",BXLT,M&A,Acquisition by Shire plc
6/21/2016,6/23/2016,After Close,Fortune Brands Home & Security,FBHS,Cablevision Systems Corporation,CVC,M&A,Acquisition by Altice NV
6/23/2016,6/30/2016,After Close,Albemarle Corporation,ALB,"TECO Energy, Inc.",TE,M&A,Acquisition by Emera Inc.
6/23/2016,7/1/2016,After Close,Fortive Corp.,FTV,Columbia Pipeline Group Inc,CPGX,M&A,Acquisition by Columbia Pipeline Group Inc.
6/29/2016,6/30/2016,After Close,Alliant Energy Corp,LNT,"AGL Resources, Inc.",GAS,M&A,Acquisition by Southern Co
8/25/2016,9/2/2016,After Close,Mettler-Toledo International Inc.,MTD,Johnson Controls Inc.,JCI,M&A,Merger with Tyco International forms Johnson Controls International
8/25/2016,9/2/2016,After Close,Johnson Controls International,JCI,Tyco International PLC,TYC,M&A,Merger with Johnson Controls forms Johnson Controls International
8/31/2016,9/7/2016,After Close,"Charter Communications, Inc. Class A",CHTR,EMC Corporation,EMC,M&A,Acquisition by Dell Corp.
9/20/2016,9/22/2016,After Close,"Cooper Companies, Inc.",COO,Starwood Hotels & Resorts Worldwide,HOT,M&A,Acquisition by Marriott International Inc.
9/27/2016,9/30/2016,After Close,Coty Inc. Class A,COTY,"Diamond Offshore Drilling, Inc.",DO,Failure,Market cap changes
10/24/2016,10/31/2016,After Close,Arconic Inc.,ARNC,Alcoa Inc.,AA,Other,Alcoa splits into Arconic and Alcoa
11/29/2016,12/1/2016,After Close,Envision Healthcare Corp.,EVHC,"Legg Mason, Inc.",LM,Failure,Market cap changes
11/29/2016,12/1/2016,After Close,Mid-America Apartment Communities,MAA,"Owens-Illinois, Inc.",OI,Failure,Market cap changes
01/03/2017,01/04/2017,After Close,"IDEXX Laboratories, Inc.",IDXX,"St. Jude Medical, Inc.",STJ,M&A,Acquisition by Abbott Laboratories
02/23/2017,02/28/2017,Before Open,Incyte Corp.,INCY,Spectra Energy Corp.,SE,M&A,"Acquisition by Enbridge Inc., resulting in foreign domicile"
02/23/2017,03/01/2017,Before Open,CBOE Holdings Inc.,CBOE,Pitney Bowes Inc.,PBI,Failure,Market cap changes
02/23/2017,03/02/2017,Before Open,Regency Centers Corp.,REG,Endo International plc,ENDP,Failure,Market cap changes
03/06/2017,03/13/2017,Before Open,DISH Network Corp.,DISH,Linear Technology Corp.,LLTC,M&A,Acquisition by Analog Devices Inc.
03/10/2017,03/20/2017,Before Open,Advanced Micro Devices Inc.,AMD,Urban Outfitters Inc.,URBN,Failure,Market cap changes
03/10/2017,03/20/2017,Before Open,Raymond James Financial Inc.,RJF,Frontier Communications Corp.,FTR,Failure,Market cap changes
03/10/2017,03/20/2017,Before Open,Alexandria Real Estate Equities Inc.,ARE,First Solar Inc.,FSLR,Failure,Market cap changes
03/13/2017,03/16/2017,Before Open,Synopsys Inc.,SNPS,Harman International Industries Inc.,HAR,M&A,"Acquisition by Samsung Electronics Co. Ltd., resulting in foreign domicile"
03/28/2017,04/04/2017,Before Open,Computer Sciences Corp.,CSC,Southwestern Energy Co.,SWN,Failure,Market cap changes
03/29/2017,04/05/2017,Before Open,Gartner Inc.,IT,The Dun & Bradstreet Corp.,DNB,Failure,Market cap changes
05/24/2017,06/02/2017,Before Open,IHS Markit Ltd.,INFO,TEGNA Inc.,TGNA,Other,Spins off Cars.com (CARS)
06/09/2017,06/19/2017,Before Open,Hilton Worldwide Holdings Inc.,HLT,Yahoo! Inc.,YHOO,M&A,Acquisition by Verizon Communications Inc.
06/09/2017,06/19/2017,Before Open,Align Technology Inc.,ALGN,Teradata Corp.,TDC,Failure,Market cap changes
06/09/2017,06/19/2017,Before Open,ANSYS Inc.,ANSS,Ryder System Inc.,R,Failure,Market cap changes
06/12/2017,06/19/2017,Before Open,Everest Re Group Ltd,RE,Mead Johnson Nutrition Co.,MJN,M&A,"Acquisition by Reckitt Benckiser Group plc, resulting in foreign domicile"
07/19/2017,07/26/2017,Before Open,MGM Resorts Intl.,MGM,Reynolds American Inc.,RAI,M&A,"Acquisition by British American Tobacco plc, resulting in foreign domicile"
07/19/2017,07/26/2017,Before Open,ResMed Inc.,RMD,Mallinckrodt plc,MNK,Failure,Market cap changes
07/19/2017,07/26/2017,Before Open,Packaging Corporation of America,PKG,Murphy Oil Corp.,MUR,Failure,Market cap changes
07/19/2017,07/26/2017,Before Open,A.O. Smith Corp.,AOS,Bed Bath & Beyond Inc.,BBBY,Failure,Market cap changes
07/19/2017,07/26/2017,Before Open,Duke Realty Corp.,DRE,Transocean Ltd.,RIG,Failure,Market cap changes
07/31/2017,08/07/2017,Before Open,Brighthouse Financial Inc.,BHF,N/A,N/A,Other,Spinned off from MetLife Inc.
07/31/2017,08/08/2017,Before Open,N/A,N/A,AutoNation Inc.,AN,Failure,Market cap changes
08/24/2017,08/29/2017,Before Open,Quintiles IMS Holdings Inc.,Q,Whole Foods Market Inc.,WFM,M&A,Acquisition by Amazon.com Inc.
08/24/2017,09/01/2017,Before Open,SBA Communications Corp.,SBAC,E. I. du Pont de Nemours,DD,M&A,Acquisition by The Dow Chemical Company
09/08/2017,09/18/2017,Before Open,Cadence Design Systems Inc.,CDNS,Staples Inc.,SPLS,M&A,Taken private
10/04/2017,10/13/2017,Before Open,Norwegian Cruise Line Holdings Ltd.,NCLH,Level 3 Communications Inc.,LVLT,M&A,Acquisition by CenturyLink Inc.
12/28/2017,01/03/2018,Before Open,Huntington Ingalls Industries Inc.,HII,C. R. Bard Inc.,BCR,M&A,"Acquisition by Becton, Dickinson and Co."
03/02/2018,03/07/2018,Before Open,IPG Photonics Corp.,IPGP,Scripps Networks Interactive Inc.,SNI,M&A,Acquisition by Discovery Communications Inc.
03/09/2018,03/19/2018,Before Open,Take-Two Interactive Software,TTWO,Signet Jewelers,SIG,Failure,Market cap changes
03/09/2018,03/19/2018,Before Open,SVB Financial Group,SIVB,Patterson Companies,PDCO,Failure,Market cap changes
03/09/2018,03/19/2018,Before Open,Nektar Therapeutics,NKTR,Chesapeake Energy,CHK,Failure,Market cap changes
03/28/2018,04/04/2018,Before Open,MSCI Inc.,MSCI,CSRA Inc.,CSRA,M&A,Acquisition by General Dynamics Corp.
05/25/2018,05/31/2018,Before Open,ABIOMED Inc.,ABMD,Wyndham Worldwide Corp.,WYN,Other,Spins off Wyndham Hotels & Resorts Inc.
05/31/2018,06/05/2018,Before Open,Evergy,EVRG,Navient Corp.,NAVI,Failure,Market cap changes
06/04/2018,06/07/2018,Before Open,Twitter Inc.,TWTR,Monsanto Company,MON,M&A,"Acquisition by Bayer Aktiengesellschaft, resulting in foreign domicile"
06/08/2018,06/18/2018,Before Open,HollyFrontier Corp.,HFC,Acuity Brands Inc.,AYI,Failure,Market cap changes
06/08/2018,06/18/2018,Before Open,Broadridge Financial Solutions Inc.,BR,Range Resources Corp.,RRC,Failure,Market cap changes
06/15/2018,06/20/2018,Before Open,FleetCor Technologies Inc.,FLT,Time Warner Inc.,TWX,M&A,Acquisition by AT&T Inc.
06/25/2018,07/02/2018,Before Open,Copart Inc.,CPRT,Dr Pepper Snapple Group Inc.,DPS,M&A,"Acquisition by Keurig Green Mountain Inc., results in Investable Weight Factor below eligibility threshold"
08/23/2018,08/28/2018,Before Open,Arista Networks Inc.,ANET,GGP Inc.,GGP,M&A,"Acquisition by Brookfield Property Partners LP, resulting in foreign domicile"
09/11/2018,09/17/2018,Before Open,"WellCare Health Plans, Inc.",WCG,XL Group,XL,M&A,"Acquisition by AXA SA, resulting in foreign domicile"
09/25/2018,10/01/2018,Before Open,Rollins Inc.,ROL,Andeavor,ANDV,M&A,Acquisition by Marathon Petroleum Corp.
10/04/2018,10/11/2018,Before Open,Fortinet Inc.,FTNT,Envision Healthcare Corp.,EVHC,M&A,Acquisition by KKR & Co. Inc.
10/30/2018,11/06/2018,Before Open,Keysight Technologies Inc.,KEYS,CA Inc.,CA,M&A,Acquisition by Broadcom Inc.
11/07/2018,11/13/2018,Before Open,Jack Henry & Associates Inc.,JKHY,EQT Corp.,EQT,Other,Spins off Equitrans Midstream
11/26/2018,12/03/2018,Before Open,Lamb Weston Holdings Inc.,LW,Rockwell Collins Inc.,COL,M&A,Acquisition by United Technologies Corp.
11/26/2018,12/03/2018,Before Open,Maxim Integrated Products Inc.,MXIM,Aetna Inc.,AET,M&A,Acquisition by CVS Health Corp.
11/26/2018,12/03/2018,Before Open,Diamondback Energy Inc.,FANG,Stericycle Inc.,SRCL,Failure,Market cap changes
12/19/2018,12/24/2018,Before Open,Celanese Corp.,CE,Express Scripts Holding Co.,ESRX,M&A,Acquisition by Cigna Corp.
12/27/2018,01/02/2019,Before Open,First Republic Bank,FRC,SCANA Corporation,SCG,M&A,Acquisition by Dominion Energy
01/15/2019,01/18/2019,Before Open,Teleflex Inc.,TFX,PG&E Corp.,PCG,Failure,Bankruptcy
02/08/2019,02/15/2019,Before Open,Atmos Energy Corp.,ATO,Newfield Exploration Co.,NFX,M&A,"Acquisition by EnCana Corp., resulting in foreign domicile"
02/21/2019,02/27/2019,Before Open,Wabtec Corp.,WAB,The Goodyear Tire & Rubber Co.,GT,Failure,Market cap changes
03/26/2019,04/02/2019,Before Open,Dow Inc.,DOW,Brighthouse Financial Inc.,BHF,Failure,Market cap changes